CodigoInterno,Quantidade,Nome
1007,1,OGRAX-3 1000MG 30 CAPS
1129,1,PEROXYDEX SPHERULITES 125ML
1133,1,SENIOX 500 (30 CAPS)
1134,1,OXCELL 500 (30 CAPS)
1135,1,OXCELL 1000 30CAPS
1137,2,OGRAX DERME 20 30 CAPS
1358,2,CETOCONAZOL 20ML
2162,1,OMEGA 3 SE 550
2260,1,PELEFOOD DOG ORGANNACT 40G
2438,1,OGRAX GATOS OMEGA-3 30CAP
261,1,SHAMPOO MICODINE SYNTEC 500ML
4527,1,BABYOX SOL ORAL 30ML
5998,1,DERMOFARM PRO 100COMP
6056,2,OGRAX ARTRO 05 30CAP
7305,1,OMEGA 3 BEPET 45ML
770,2,OMEGA 3 DOG 500MG ORGANNACT 30 CAPS
771,1,OMEGA 3 DOG 1000MG ORGANNACT 30 CAPS
793,1,OGRAX-3 1500MG 30 CAPS
799,1,SENIOX T 30 CAPS
851,1,OGRAX-3 500MG 30 CAPS
867,1,SENIOX 1000 30 CAPS
878,3,CETOCONAZOL SPRAY 2% 200ML
